OrigFolder,Latitude,Longitude
August2017_L31,N00 37.715,E036 46.655
August2017_L33,N00 37.687,E036 48.376
August2017_L34,N00 37.710,E036 49.177
August2017_L35,N00 37.661,E036 50.125
August2017_L36,N00 37.682,E036 50.999
August2017_L40,N00 36.851,E036 46.646
August2017_L42,N00 36.814,E036 49.235
August2017_L43,N00 36.816,E036 50.098
August2017_L44,N00 36.795,E036 50.974
August2017_L45,N00 36.936,E036 51.754
August2017_L48,N00 35.903,E036 46.676
August2017_L49,N00 35.945,E036 47.482
August2017_L50,N00 35.919,E036 48.378
August2017_L51,N00 35.950,E036 49.355
August2017_L56,N00 35.011,E036 46.789
August2017_L57,N00 35.040,E036 47.491
August2017_L59,N00 35.176,E036 49.455
August2017_L65,N00 34.250,E036 46.695
August2017_L66,N00 34.245,E036 47.569
August2017_L69,N00 34.266,E036 48.374
August2017_L74,N00 33.373,E036 50.973
August2017_L74_part2,N00 33.373,E036 50.973
L01_May-October_2016-100EK113,N00 38.598,E036 45.935
L01_May-October_2016-101EK113,N00 38.598,E036 45.935
L01_May-October_2016-102EK113,N00 38.598,E036 45.935
L01_May-October_2016-103EK113,N00 38.598,E036 45.935
L01_May-October_2016-104EK113,N00 38.598,E036 45.935
L01_May-October_2016-105EK113,N00 38.598,E036 45.935
L01_May-October_2016-106EK113,N00 38.598,E036 45.935
L01_May-October_2016-107EK113,N00 38.598,E036 45.935
L01_May-October_2016-108EK113,N00 38.598,E036 45.935
L01_May-October_2016-109EK113,N00 38.598,E036 45.935
L01_May-October_2016-110EK113,N00 38.598,E036 45.935
L01_May-October_2016-111EK113,N00 38.598,E036 45.935
L01_May-October_2016-112EK113,N00 38.598,E036 45.935
L01_May-October_2016-113EK113,N00 38.598,E036 45.935
L1_February-May_2016-100EK113,N00 32.892,E036 51.151
L1_February-May_2016-101EK113,N00 32.892,E036 51.151
L1_February-May_2016-102EK113,N00 32.892,E036 51.151
L1_February-May_2016-103EK113,N00 32.892,E036 51.151
L1_February-May_2016-104EK113,N00 32.892,E036 51.151
L1_February-May_2016-105EK113,N00 32.892,E036 51.151
L1_February-May_2016-106EK113,N00 32.892,E036 51.151
L1_February-May_2016-107EK113,N00 32.892,E036 51.151
L1_February-May_2016-108EK113,N00 32.892,E036 51.151
L1_February-May_2016-109EK113,N00 32.892,E036 51.151
L1_February-May_2016-110EK113,N00 32.892,E036 51.151
L1_February-May_2016-111EK113,N00 32.892,E036 51.151
L1_February-May_2016-112EK113,N00 32.892,E036 51.151
L10_February-May_2016-100EK113,N00 37.451,E036 49.601
L10_February-May_2016-101EK113,N00 37.451,E036 49.601
L10_February-May_2016-102EK113,N00 37.451,E036 49.601
L10_February-May_2016-103EK113,N00 37.451,E036 49.601
L10_February-May_2016-104EK113,N00 37.451,E036 49.601
L10_February-May_2016-105EK113,N00 37.451,E036 49.601
L10_February-May_2016-106EK113,N00 37.451,E036 49.601
L10_February-May_2016-107EK113,N00 37.451,E036 49.601
L10_February-May_2016-108EK113,N00 37.451,E036 49.601
L10_February-May_2016-109EK113,N00 37.451,E036 49.601
L10_February-May_2016-110EK113,N00 37.451,E036 49.601
L10_February-May_2016-111EK113,N00 37.451,E036 49.601
L10_February-May_2016-112EK113,N00 37.451,E036 49.601
L10_February-May_2016-113EK113,N00 37.451,E036 49.601
L10_February-May_2016-114EK113,N00 37.451,E036 49.601
L10_February-May_2016-115EK113,N00 37.451,E036 49.601
L11_February-May_2016-100EK113,N00 35.989,E036 48.023
L11_February-May_2016-101EK113,N00 35.989,E036 48.023
L11_February-May_2016-102EK113,N00 35.989,E036 48.023
L11_February-May_2016-103EK113,N00 35.989,E036 48.023
L11_February-May_2016-104EK113,N00 35.989,E036 48.023
L11_February-May_2016-105EK113,N00 35.989,E036 48.023
L11_February-May_2016-106EK113,N00 35.989,E036 48.023
L11_February-May_2016-107EK113,N00 35.989,E036 48.023
L11_February-May_2016-108EK113,N00 35.989,E036 48.023
L11_February-May_2016-109EK113,N00 35.989,E036 48.023
L11_February-May_2016-110EK113,N00 35.989,E036 48.023
L11_February-May_2016-111EK113,N00 35.989,E036 48.023
L11_February-May_2016-112EK113,N00 35.989,E036 48.023
L11_February-May_2016-113EK113,N00 35.989,E036 48.023
L11_February-May_2016-114EK113,N00 35.989,E036 48.023
L11_February-May_2016-115EK113,N00 35.989,E036 48.023
L11_March-April_2017,N00 40.332,E036 46.665
L11_May-October_2016-100EK113,N00 35.985,E036 47.830
L11_May-October_2016-101EK113,N00 35.985,E036 47.830
L11_May-October_2016-102EK113,N00 35.985,E036 47.830
L11_May-October_2016-103EK113,N00 35.985,E036 47.830
L11_May-October_2016-104EK113,N00 35.985,E036 47.830
L11_May-October_2016-105EK113,N00 35.985,E036 47.830
L11_May-October_2016-106EK113,N00 35.985,E036 47.830
L11_May-October_2016-107EK113,N00 35.985,E036 47.830
L11_May-October_2016-108EK113,N00 35.985,E036 47.830
L11_May-October_2016-109EK113,N00 35.985,E036 47.830
L11_May-October_2016-110EK113,N00 35.985,E036 47.830
L11_May-October_2016-111EK113,N00 35.985,E036 47.830
L11_May-October_2016-112EK113,N00 35.985,E036 47.830
L11_May-October_2016-113EK113,N00 35.985,E036 47.830
L11_May-October_2016-114EK113,N00 35.985,E036 47.830
L11_May-October_2016-115EK113,N00 35.985,E036 47.830
L11_May-October_2016-116EK113,N00 35.985,E036 47.830
L11_May-October_2016-117EK113,N00 35.985,E036 47.830
L11_May-October_2016-118EK113,N00 35.985,E036 47.830
L11_May-October_2016-119EK113,N00 35.985,E036 47.830
L11_May-October_2016-120EK113,N00 35.985,E036 47.830
L11_May-October_2016-121EK113,N00 35.985,E036 47.830
L11_May-October_2016-122EK113,N00 35.985,E036 47.830
L11_May-October_2016-123EK113,N00 35.985,E036 47.830
L11_May-October_2016-124EK113,N00 35.985,E036 47.830
L11_May-October_2016-125EK113,N00 35.985,E036 47.830
L11_May-October_2016-126EK113,N00 35.985,E036 47.830
L12_February-May_2016-100EK113,N00 34.619,E036 47.858
L12_February-May_2016-101EK113,N00 34.619,E036 47.858
L12_February-May_2016-102EK113,N00 34.619,E036 47.858
L12_February-May_2016-103EK113,N00 34.619,E036 47.858
L12_February-May_2016-104EK113,N00 34.619,E036 47.858
L12_February-May_2016-105EK113,N00 34.619,E036 47.858
L12_February-May_2016-106EK113,N00 34.619,E036 47.858
L12_February-May_2016-107EK113,N00 34.619,E036 47.858
L12_February-May_2016-108EK113,N00 34.619,E036 47.858
L12_February-May_2016-109EK113,N00 34.619,E036 47.858
L12_February-May_2016-110EK113,N00 34.619,E036 47.858
L12_February-May_2016-111EK113,N00 34.619,E036 47.858
L12_February-May_2016-112EK113,N00 34.619,E036 47.858
L12_February-May_2016-113EK113,N00 34.619,E036 47.858
L12_February-May_2016-114EK113,N00 34.619,E036 47.858
L12_February-May_2016-115EK113,N00 34.619,E036 47.858
L13_February-May_2016-100EK113,N00 31.547,E036 50.813
L13_February-May_2016-101EK113,N00 31.547,E036 50.813
L13_February-May_2016-102EK113,N00 31.547,E036 50.813
L13_February-May_2016-103EK113,N00 31.547,E036 50.813
L13_February-May_2016-104EK113,N00 31.547,E036 50.813
L13_February-May_2016-105EK113,N00 31.547,E036 50.813
L13_February-May_2016-106EK113,N00 31.547,E036 50.813
L13_February-May_2016-107EK113,N00 31.547,E036 50.813
L13_February-May_2016-108EK113,N00 31.547,E036 50.813
L13_February-May_2016-109EK113,N00 31.547,E036 50.813
L13_February-May_2016-110EK113,N00 31.547,E036 50.813
L13_February-May_2016-111EK113,N00 31.547,E036 50.813
L13_February-May_2016-112EK113,N00 31.547,E036 50.813
L13_February-May_2016-113EK113,N00 31.547,E036 50.813
L13_February-May_2016-114EK113,N00 31.547,E036 50.813
L13_February-May_2016-115EK113,N00 31.547,E036 50.813
L13_March-April_2017,N00 40.207,E036 48.443
L13_March-April_2017-101EK113-Y,N00 40.207,E036 48.443
L14_February-May_2016-100EK113,N00 37.363,E036 47.951
L14_February-May_2016-101EK113,N00 37.363,E036 47.951
L14_February-May_2016-102EK113,N00 37.363,E036 47.951
L14_February-May_2016-103EK113,N00 37.363,E036 47.951
L14_February-May_2016-104EK113,N00 37.363,E036 47.951
L14_February-May_2016-105EK113,N00 37.363,E036 47.951
L14_February-May_2016-106EK113,N00 37.363,E036 47.951
L14_February-May_2016-107EK113,N00 37.363,E036 47.951
L14_February-May_2016-108EK113,N00 37.363,E036 47.951
L14_February-May_2016-109EK113,N00 37.363,E036 47.951
L14_February-May_2016-110EK113,N00 37.363,E036 47.951
L14_February-May_2016-111EK113,N00 37.363,E036 47.951
L16_February-May_2016-103EK113,N00 37.395,E036 46.498
L16_February-May_2016-104EK113,N00 37.395,E036 46.498
L16_February-May_2016-105EK113,N00 37.395,E036 46.498
L16_February-May_2016-106EK113,N00 37.395,E036 46.498
L16_February-May_2016-107EK113,N00 37.395,E036 46.498
L16_February-May_2016-108EK113,N00 37.395,E036 46.498
L16_February-May_2016-109EK113,N00 37.395,E036 46.498
l16_loisaba_may_october_2016_100ek113,N00 40.924,E036 48.317
l16_loisaba_may_october_2016_101ek113,N00 40.924,E036 48.317
l16_loisaba_may_october_2016_102ek113,N00 40.924,E036 48.317
l16_loisaba_may_october_2016_103ek113,N00 40.924,E036 48.317
l16_loisaba_may_october_2016_104ek113,N00 40.924,E036 48.317
l16_loisaba_may_october_2016_105ek113,N00 40.924,E036 48.317
l16_loisaba_may_october_2016_106ek113,N00 40.924,E036 48.317
l16_loisaba_may_october_2016_107ek113,N00 40.924,E036 48.317
l16_loisaba_may_october_2016_108ek113,N00 40.924,E036 48.317
l16_loisaba_may_october_2016_109ek113,N00 40.924,E036 48.317
l16_loisaba_may_october_2016_110ek113,N00 40.924,E036 48.317
l16_loisaba_may_october_2016_111ek113,N00 40.924,E036 48.317
l16_loisaba_may_october_2016_112ek113,N00 40.924,E036 48.317
l16_loisaba_may_october_2016_113ek113,N00 40.924,E036 48.317
l16_loisaba_may_october_2016_114ek113,N00 40.924,E036 48.317
l16_loisaba_may_october_2016_115ek113,N00 40.924,E036 48.317
l16_loisaba_may_october_2016_116ek113,N00 40.924,E036 48.317
l16_loisaba_may_october_2016_117ek113,N00 40.924,E036 48.317
l16_loisaba_may_october_2016_118ek113,N00 40.924,E036 48.317
l16_loisaba_may_october_2016_119ek113,N00 40.924,E036 48.317
l16_loisaba_may_october_2016_120ek113,N00 40.924,E036 48.317
L17_February-May_2016-100EK113,N00 40.406,E036 49.280
L17_February-May_2016-101EK113,N00 40.406,E036 49.280
L17_February-May_2016-102EK113,N00 40.406,E036 49.280
L17_February-May_2016-103EK113,N00 40.406,E036 49.280
L17_February-May_2016-104EK113,N00 40.406,E036 49.280
L17_February-May_2016-105EK113,N00 40.406,E036 49.280
L17_February-May_2016-106EK113,N00 40.406,E036 49.280
L17_February-May_2016-107EK113,N00 40.406,E036 49.280
L17_February-May_2016-108EK113,N00 40.406,E036 49.280
L17_February-May_2016-109EK113,N00 40.406,E036 49.280
L17_February-May_2016-110EK113,N00 40.406,E036 49.280
L17_February-May_2016-111EK113,N00 40.406,E036 49.280
L17_February-May_2016-112EK113,N00 40.406,E036 49.280
L17_February-May_2016-113EK113,N00 40.406,E036 49.280
L17_February-May_2016-114EK113,N00 40.406,E036 49.280
L17_February-May_2016-115EK113,N00 40.406,E036 49.280
L17_March-April_2017,N00 36.796,E036 50.975
L17_May_To_Oct_2016,N00 35.311,E036 51.122
L18_February-May_2016-100EK113,N00 39.179,E036 45.458
L18_February-May_2016-101EK113,N00 39.179,E036 45.458
L18_February-May_2016-102EK113,N00 39.179,E036 45.458
L18_February-May_2016-103EK113,N00 39.179,E036 45.458
L18_February-May_2016-104EK113,N00 39.179,E036 45.458
L18_February-May_2016-105EK113,N00 39.179,E036 45.458
L18_February-May_2016-106EK113,N00 39.179,E036 45.458
L18_February-May_2016-107EK113,N00 39.179,E036 45.458
L18_February-May_2016-108EK113,N00 39.179,E036 45.458
L18_February-May_2016-109EK113,N00 39.179,E036 45.458
L18_February-May_2016-110EK113,N00 39.179,E036 45.458
L18_February-May_2016-111EK113,N00 39.179,E036 45.458
L18_February-May_2016-112EK113,N00 39.179,E036 45.458
L18_February-May_2016-113EK113,N00 39.179,E036 45.458
L18_February-May_2016-114EK113,N00 39.179,E036 45.458
L18_February-May_2016-115EK113,N00 39.179,E036 45.458
l18_loisaba_may_october_2016_100ek113,N00 36.746,E036 51.676
l18_loisaba_may_october_2016_101ek113,N00 36.746,E036 51.676
l18_loisaba_may_october_2016_102ek113,N00 36.746,E036 51.676
l18_loisaba_may_october_2016_103ek113,N00 36.746,E036 51.676
l18_loisaba_may_october_2016_104ek113,N00 36.746,E036 51.676
l18_loisaba_may_october_2016_105ek113,N00 36.746,E036 51.676
l18_loisaba_may_october_2016_106ek113,N00 36.746,E036 51.676
l18_loisaba_may_october_2016_107ek113,N00 36.746,E036 51.676
l18_loisaba_may_october_2016_108ek113,N00 36.746,E036 51.676
l18_loisaba_may_october_2016_109ek113,N00 36.746,E036 51.676
l18_loisaba_may_october_2016_110ek113,N00 36.746,E036 51.676
l18_loisaba_may_october_2016_111ek113,N00 36.746,E036 51.676
l18_loisaba_may_october_2016_112ek113,N00 36.746,E036 51.676
l18_loisaba_may_october_2016_113ek113,N00 36.746,E036 51.676
l18_loisaba_may_october_2016_114ek113,N00 36.746,E036 51.676
l18_loisaba_may_october_2016_115ek113,N00 36.746,E036 51.676
L2_March-April_2017,N00 38.529,E036 46.643
L2_May-October_2016-100EK113,N00 37.609,E036 47.427
L2_May-October_2016-101EK113,N00 37.609,E036 47.427
L2_May-October_2016-102EK113,N00 37.609,E036 47.427
L2_May-October_2016-103EK113,N00 37.609,E036 47.427
L2_May-October_2016-104EK113,N00 37.609,E036 47.427
L2_May-October_2016-105EK113,N00 37.609,E036 47.427
L22_March-April_2017,N00 38.494,E036 49.278
L24_March-April_2017,N00 38.650,E036 50.974
L3_February-May_2016-100EK113,N00 35.987,E036 49.553
L3_February-May_2016-101EK113,N00 35.987,E036 49.553
L3_February-May_2016-102EK113,N00 35.987,E036 49.553
L3_February-May_2016-103EK113,N00 35.987,E036 49.553
L3_February-May_2016-104EK113,N00 35.987,E036 49.553
L3_February-May_2016-105EK113,N00 35.987,E036 49.553
L3_February-May_2016-106EK113,N00 35.987,E036 49.553
L3_February-May_2016-107EK113,N00 35.987,E036 49.553
L3_February-May_2016-108EK113,N00 35.987,E036 49.553
L3_February-May_2016-109EK113,N00 35.987,E036 49.553
L3_February-May_2016-110EK113,N00 35.987,E036 49.553
L3_February-May_2016-111EK113,N00 35.987,E036 49.553
L3_February-May_2016-112EK113,N00 35.987,E036 49.553
L3_February-May_2016-113EK113,N00 35.987,E036 49.553
L3_February-May_2016-114EK113,N00 35.987,E036 49.553
L3_February-May_2016-115EK113,N00 35.987,E036 49.553
L3_May-October_2016-100EK113,N00 37.950,E036 49.316
L3_May-October_2016-101EK113,N00 37.950,E036 49.316
L3_May-October_2016-102EK113,N00 37.950,E036 49.316
L3_May-October_2016-103EK113,N00 37.950,E036 49.316
l32_loisaba_may_october_2016_100ek113,N00 39.886,E036 50.566
l32_loisaba_may_october_2016_101ek113,N00 39.886,E036 50.566
l32_loisaba_may_october_2016_102ek113,N00 39.886,E036 50.566
l32_loisaba_may_october_2016_103ek113,N00 39.886,E036 50.566
l32_loisaba_may_october_2016_104ek113,N00 39.886,E036 50.566
l32_loisaba_may_october_2016_105ek113,N00 39.886,E036 50.566
l32_loisaba_may_october_2016_106ek113,N00 39.886,E036 50.566
l32_loisaba_may_october_2016_107ek113,N00 39.886,E036 50.566
l32_loisaba_may_october_2016_108ek113,N00 39.886,E036 50.566
l32_loisaba_may_october_2016_109ek113,N00 39.886,E036 50.566
l32_loisaba_may_october_2016_110ek113,N00 39.886,E036 50.566
l32_loisaba_may_october_2016_111ek113,N00 39.886,E036 50.566
l32_loisaba_may_october_2016_112ek113,N00 39.886,E036 50.566
l32_loisaba_may_october_2016_113ek113,N00 39.886,E036 50.566
l32_loisaba_may_october_2016_114ek113,N00 39.886,E036 50.566
L34_May_To_Oct_2016_unfolded,N00 37.460,E036 44.722
L43_May_To_Oct_2016,N00 35.311,E036 51.122
l44_loisaba_may_october_2016_100ek113,N00 34.483,E036 47.353
l44_loisaba_may_october_2016_101ek113,N00 34.483,E036 47.353
l45_loisaba_may_october_2016_100ek113,N00 34.977,E036 47.571
l45_loisaba_may_october_2016_101ek113,N00 34.977,E036 47.571
l45_loisaba_may_october_2016_102ek113,N00 34.977,E036 47.571
l45_loisaba_may_october_2016_103ek113,N00 34.977,E036 47.571
l45_loisaba_may_october_2016_104ek113,N00 34.977,E036 47.571
l45_loisaba_may_october_2016_105ek113,N00 34.977,E036 47.571
l45_loisaba_may_october_2016_106ek113,N00 34.977,E036 47.571
l45_loisaba_may_october_2016_107ek113,N00 34.977,E036 47.571
l45_loisaba_may_october_2016_108ek113,N00 34.977,E036 47.571
l45_loisaba_may_october_2016_109ek113,N00 34.977,E036 47.571
L52_March-April_2017,N00 35.983,E036 47.486
L57_a_March-April_2017,N00 36.833,E036 49.256
L57_b_March-April_2017,N00 36.833,E036 49.256
L6_March-April_2017,N00 39.525,E036 45.750
L6_May_To_Oct_2016,unknown,unknown
L79_March-April_2017,N00 35.922,E036 48.371
L8_May_To_Oct_2016,N00 39.434,E036 47.292
N1_Low_February-April_2017,N01 04.547,E037 33.330
n10_high_namunyak_july_september_2016_100ek113,N01 03.126,E037 22.471
n10_high_namunyak_july_september_2016_101ek113,N01 03.126,E037 22.471
n10_high_namunyak_july_september_2016_102ek113,N01 03.126,E037 22.471
n10_high_namunyak_july_september_2016_103ek113,N01 03.126,E037 22.471
n10_high_namunyak_july_september_2016_104ek113,N01 03.126,E037 22.471
n10_high_namunyak_july_september_2016_105ek113,N01 03.126,E037 22.471
n10_high_namunyak_july_september_2016_106ek113,N01 03.126,E037 22.471
n10_high_namunyak_july_september_2016_107ek113,N01 03.126,E037 22.471
N10_Low_February-April_2017,N01 05.920,E037 34.680
n10b_high_namunyak_july_september_2016_100ek113,N01 03.126,E037 22.471
n10b_high_namunyak_july_september_2016_101ek113,N01 03.126,E037 22.471
n10b_high_namunyak_july_september_2016_102ek113,N01 03.126,E037 22.471
n10b_high_namunyak_july_september_2016_103ek113,N01 03.126,E037 22.471
n10b_high_namunyak_july_september_2016_104ek113,N01 03.126,E037 22.471
n10b_high_namunyak_july_september_2016_105ek113,N01 03.126,E037 22.471
n10b_high_namunyak_july_september_2016_106ek113,N01 03.126,E037 22.471
n10b_high_namunyak_july_september_2016_107ek113,N01 03.126,E037 22.471
n10b_high_namunyak_july_september_2016_108ek113,N01 03.126,E037 22.471
n10b_high_namunyak_july_september_2016_109ek113,N01 03.126,E037 22.471
n10b_high_namunyak_july_september_2016_110ek113,N01 03.126,E037 22.471
n10b_high_namunyak_july_september_2016_111ek113,N01 03.126,E037 22.471
n10b_high_namunyak_july_september_2016_112ek113,N01 03.126,E037 22.471
n10b_high_namunyak_july_september_2016_113ek113,N01 03.126,E037 22.471
n10b_high_namunyak_july_september_2016_114ek113,N01 03.126,E037 22.471
n10b_high_namunyak_july_september_2016_115ek113,N01 03.126,E037 22.471
n10b_high_namunyak_july_september_2016_116ek113,N01 03.126,E037 22.471
n12_low_namunyak_july_september_2016_100ek113,N01 01.118,E037 23.350
n12_low_namunyak_july_september_2016_101ek113,N01 01.118,E037 23.350
n12_low_namunyak_july_september_2016_102ek113,N01 01.118,E037 23.350
n12_low_namunyak_july_september_2016_103ek113,N01 01.118,E037 23.350
n12_low_namunyak_july_september_2016_104ek113,N01 01.118,E037 23.350
n12_low_namunyak_july_september_2016_105ek113,N01 01.118,E037 23.350
n12_low_namunyak_july_september_2016_106ek113,N01 01.118,E037 23.350
n12_low_namunyak_july_september_2016_107ek113,N01 01.118,E037 23.350
n12_low_namunyak_july_september_2016_108ek113,N01 01.118,E037 23.350
n12_low_namunyak_july_september_2016_109ek113,N01 01.118,E037 23.350
n12_low_namunyak_july_september_2016_110ek113,N01 01.118,E037 23.350
n12_low_namunyak_july_september_2016_111ek113,N01 01.118,E037 23.350
n12_low_namunyak_july_september_2016_112ek113,N01 01.118,E037 23.350
n12_low_namunyak_july_september_2016_113ek113,N01 01.118,E037 23.350
n12_low_namunyak_july_september_2016_114ek113,N01 01.118,E037 23.350
n12_low_namunyak_july_september_2016_115ek113,N01 01.118,E037 23.350
n12_low_namunyak_july_september_2016_116ek113,N01 01.118,E037 23.350
n12_low_namunyak_july_september_2016_117ek113,N01 01.118,E037 23.350
n12_low_namunyak_july_september_2016_118ek113,N01 01.118,E037 23.350
n12_low_namunyak_july_september_2016_119ek113,N01 01.118,E037 23.350
n13_high_namunyak_july_september_2016_100ek113,N01 05.923,E037 33.214
n14_high_namunyak_july_september_2016_100ek113,N01 03.330,E037 23.948
n14_high_namunyak_july_september_2016_101ek113,N01 03.330,E037 23.948
n14_high_namunyak_july_september_2016_102ek113,N01 03.330,E037 23.948
n14_high_namunyak_july_september_2016_103ek113,N01 03.330,E037 23.948
n14_high_namunyak_july_september_2016_104ek113,N01 03.330,E037 23.948
n14_high_namunyak_july_september_2016_105ek113,N01 03.330,E037 23.948
n14_high_namunyak_july_september_2016_106ek113,N01 03.330,E037 23.948
n14_high_namunyak_july_september_2016_107ek113,N01 03.330,E037 23.948
n14_high_namunyak_july_september_2016_108ek113,N01 03.330,E037 23.948
n14_high_namunyak_july_september_2016_109ek113,N01 03.330,E037 23.948
n14_high_namunyak_july_september_2016_110ek113,N01 03.330,E037 23.948
n14_high_namunyak_july_september_2016_111ek113,N01 03.330,E037 23.948
N15_February-April_2017,N01 07.280,E037 34.723
N15_High_February-April_2017,N01 07.280,E037 34.723
n15_high_namunyak_july_september_2016_100ek113,N01 00.501,E037 23.722
n15_high_namunyak_july_september_2016_101ek113,N01 00.501,E037 23.722
n15_high_namunyak_july_september_2016_102ek113,N01 00.501,E037 23.722
n15_high_namunyak_july_september_2016_103ek113,N01 00.501,E037 23.722
n15_high_namunyak_july_september_2016_104ek113,N01 00.501,E037 23.722
n15_high_namunyak_july_september_2016_105ek113,N01 00.501,E037 23.722
n15_high_namunyak_july_september_2016_106ek113,N01 00.501,E037 23.722
n15_high_namunyak_july_september_2016_107ek113,N01 00.501,E037 23.722
n15_high_namunyak_july_september_2016_108ek113,N01 00.501,E037 23.722
n15_high_namunyak_july_september_2016_109ek113,N01 00.501,E037 23.722
n15_high_namunyak_july_september_2016_110ek113,N01 00.501,E037 23.722
n15_high_namunyak_july_september_2016_111ek113,N01 00.501,E037 23.722
n15_high_namunyak_july_september_2016_112ek113,N01 00.501,E037 23.722
n15_high_namunyak_july_september_2016_113ek113,N01 00.501,E037 23.722
n15_high_namunyak_july_september_2016_116ek113,N01 00.501,E037 23.722
n15_high_namunyak_july_september_2016_117ek113,N01 00.501,E037 23.722
n15_high_namunyak_july_september_2016_118ek113,N01 00.501,E037 23.722
n15_high_namunyak_july_september_2016_119ek113,N01 00.501,E037 23.722
n15_high_namunyak_july_september_2016_120ek113,N01 00.501,E037 23.722
n17_high_namunyak_july_september_2016_100ek113,N01 04.549,E037 31.998
n17_high_namunyak_july_september_2016_101ek113,N01 04.549,E037 31.998
n17_high_namunyak_july_september_2016_102ek113,N01 04.549,E037 31.998
N19_High_February-April_2017,N01 07.252,E037 33.334
n19_high_namunyak_july_september_2016_100ek113,unknown,unknown
n19_high_namunyak_july_september_2016_101ek113,unknown,unknown
n19_high_namunyak_july_september_2016_102ek113,unknown,unknown
N2_HIGH_unfolded_a,N01 01.118,E037 23.350
N2_HIGH_unfolded_b,N01 01.118,E037 23.350
N2_Low_February-April_2017,N01 07.252,E037 33.334
N20_HIGH_July_To_Sept_2016,N01 01.808,E037 25.006
n23_low_namunyak_july_september_2016100ek113,N01 00.178,E037 26.418
n23_low_namunyak_july_september_2016101ek113,N01 00.178,E037 26.418
n27_high_namunyak_july_september_2016,N01 01.819,E037 23.884
n28_low_namunyak_july_september_2016_100ek113,N01 05.923,E037 33.214
N30_February-April_2017,N00 57.874,E037 32.062
N30_Low_February-April_2017,N00 57.874,E037 32.062
n30_namunyak_july_september_2016_100ek113,N01 00.389,E037 25.139
N32_LOW_July_To_Sept_2016,N01 01.902,E037 27.924
n33_low_namunyak_july_september_2016_1_100ek113,N01 01.918,E037 33.381
n33_low_namunyak_july_september_2016_2_100ek113,N01 01.918,E037 33.381
n34_high_namunyak_july_september_2016_100ek113,N01 03.184,E037 33.422
n35_low_namunyak_july_september_2016_100ek113,N01 02.758,E037 24.592
n36_low_namunyak_july_september_2016_100ek113,N00 59.006,E037 26.605
n36_low_namunyak_july_september_2016_101ek113,N00 59.006,E037 26.605
n36_low_namunyak_july_september_2016_102ek113,N00 59.006,E037 26.605
n36_low_namunyak_july_september_2016_103ek113,N00 59.006,E037 26.605
n36_low_namunyak_july_september_2016_104ek113,N00 59.006,E037 26.605
n36_low_namunyak_july_september_2016_105ek113,N00 59.006,E037 26.605
n36_low_namunyak_july_september_2016_106ek113,N00 59.006,E037 26.605
n36_low_namunyak_july_september_2016_107ek113,N00 59.006,E037 26.605
n36_low_namunyak_july_september_2016_108ek113,N00 59.006,E037 26.605
n36_low_namunyak_july_september_2016_109ek113,N00 59.006,E037 26.605
n36_low_namunyak_july_september_2016_110ek113,N00 59.006,E037 26.605
N4_High_February-April_2017,N00 56.410,E037 27.951
N4_high_February-April_2017,N00 56.410,E037 27.951
N41_Low_February-April_2017,N01 59.144,E037 33.351
n41_low_namunyak_july_september_2016,unknown,unknown
n42_high_namunyak_july_september_2016,unknown,unknown
n43_low_nammunyak_july_september_2016_100ek113,unknown,unknown
n43_low_nammunyak_july_september_2016_101ek113,unknown,unknown
n43_low_nammunyak_july_september_2016_102ek113,unknown,unknown
N44_Low_February-April_2017,N00 57.377,E037 27.886
N45_High_February-April_2017,N01 03.173,E037 26.632
N46_High_February-April_2017,N00 57.874,E037 32.062
N52_Low_February-April_2017,unknown,unknown
N6_High_February-April_2017,N01 59.144,E037 33.351
N7_High_February-April_2017,N01 04.547,E037 33.330
S1_February-April_2017,N01 05.847,E037 33.150
S1_Low_February-April_2017,N01 05.847,E037 33.150
S11_Low_February-April_2017,N01 07.280,E037 34.723
S3_High_February-April_2017,N01 05.847,E037 33.150
S8_High_February-April_2017,unknown,unknown
S9_February-April_2017,N01 00.511,E037 23.946
S9_february-April_2017,N01 00.511,E037 23.946
S9_Low_February-April_2017,N01 00.511,E037 23.946
N20,N01 01.808,E037 25.006
L13_May_To_October_2016,N00 34.483,E036 47.353
N1 LOW unfolded,N01 04.547,E037 33.330
N24 LOW unfolded,N01 03.231,E037 25.313
N24_LOW_May-Oct_2016,N01 03.231,E037 25.313
N20_May-Oct_2016,N01 01.808,E037 25.006
S3 HIGH unfolded,N01 01.762,E037 25.288
S6 LOW unfolded,N01 01.762,E037 25.288
N32_LOW_May_To_Oct_2016,N01 01.902,E037 27.924
N4 HIGH,N01 01.902,E037 27.924
S8 HIGH unfolded,N01 04 529,E037 33.438
S3_High_May-Oct_2016,N01 01.762,E037 25.288
S9_Low_February-April_2017,N01 00.511,E037 23.946
L34_May_To_Oct_2016_unfolded,N00 37.460,E036 44.722
N2_HIGH_unfolded,N01 01.118,E037 23.350
l16_loisaba_may_october_2016,N00 40.924,E036 48.317
l18_loisaba_may_october_2016,N00 36.746,E036 51.676
l32_loisaba_may_october_2016,N00 39.886,E036 50.566
n10_high_namunyak_july_september_2016,N01 03.126,E037 22.471
n12_low_namunyak_july_september_2016,N01 01.118,E037 23.350
n15_high_namunyak_july_september_2016,N01 00.501,E037 23.722
n17_high_namunyak_july_september_2016,N01 04.549,E037 31.998
n19_high_namunyak_july_september_2016,unknown,unknown
n23_low_namunyak_july_september_2016,N01 00.178,E037 26.418
n27_high_namunyak_july_september_2016,N01 01.819,E037 23.884
n36_low_namunyak_july_september_2016,N00 59.006,E037 26.605
n44_low_namunyak_july_september_2016,unknown,unknown
n45_high_namunyak_july_september_2016,N01 00.178,E037 26.418
n46_high_namunyak_july_september_2016,N01 03.231,E037 25.313
n4_high_namunyak_july_september_2016,N01 01.902,E037 27.924
n50_high_namunyak_july_september_2016,N01 07.168,E037 33.343
n52_low_namunyak_july_september_2016,N01 04 529,E037 33.438
n5_high_namunyak_july_september_2016,N01 01.918,E037 33.381
n6_low_namunyak_july_september_2016,N01 00.389,E037 25.139
n7_high_namunyak_july_september,N01 00.501,E037 23.722
s1_low_namunyak_july_september_2016,N01 03.330,E037 23.948
s6_low_namunyak_july_september_2016,N01 01.762,E037 25.288
s7_low_namunyak_july_september_2016,N00 59.006,E037 26.605
L10_February-May_2016,N00 37.451,E036 49.601
L1_February-May_2016,N00 32.892,E036 51.151
L2_May-October_2016,N00 37.609,E036 47.427
L3_February-May_2016,N00 35.987,E036 49.553
L4_February-May_2016,N00 34.682,E036 46.657
L4_May-October_2016,N00 34.977,E036 47.571
L5_February-May_2016,N00 40.275,E036 48.102
L7_May-October_2016,N00 39.319,E036 46.597
L8_February-May_2016,N00 35.956,E036 51.038
L3_May-October_2016,N00 37.950,E036 49.316
L12_February-May_2016,N00 34.619,E036 47.858
L2_February-May_2016,N00 36.151,E036 44.913
L01_May-October_2016,N00 38.598,E036 45.935
L11_February-May_2016,N00 35.989,E036 48.023
L9_May-October_2016,N00 39.468,E036 48.106
L19_February-May_2016,N00 37.425,E036 50.991
L20_February-May_2016,N00 38.881,E036 46.585
L21_February-May_2016,N00 36.091,E036 45.434
L22_February-May_2016,N00 38.667,E036 47.821
L23_February-May_2016,N00 37.362,E036 44.897
L24_February-May_2016,N00 40.646,E036 46.519
L26_May-October_2016,N00 37.950,E036 49.316
L28_February-May_2016,N00 32.575,E036 48.542
L28_May-October_2016,N00 39.485,E036 50.391
L29_February-May_2016,N00 35.101,E036 49.589
L41_May-October_2016,N00 36.002,E036 48.455
L48_May-October_2016,N00 36.921,E036 50.089
S2_Low_February-May_2016,unknown,unknown
L14_February-May_2016,N00 37.363,E036 47.951
L15_February-May_2016,N00 38.944,E036 49.461
L16_February-May_2016,N00 37.395,E036 46.498
L22_March-April_2017,N00 38.494,E036 49.278
s2_low_namunyak_july_september_2016,N01 01.819,E037 23.884
L13_May_To_Oct_2016,N00 34.483,E036 47.353
N12 LOW,N01 01.118,E037 23.350
N34_May-Oct_2016,N01 03.184,E037 33.422
N24_May-Oct_2016,N01 03.231,E037 25.313
N32_LOW_May-Oct_2016,N01 01.902,E037 27.924
N9_LOW_May-Oct_2016,N01 01.808,E037 25.006
S8_High_May-Oct_2016,N01 04 529,E037 33.438